maths,physics,chemistry,grade
90,90,90,0
90,90,91,0
90,90,92,0
90,90,93,0
90,90,94,0
90,90,95,0
90,90,96,0
90,90,97,0
90,90,98,0
90,90,99,0
90,90,100,0
90,91,90,0
90,91,91,0
90,91,92,0
90,91,93,0
90,91,94,0
90,91,95,0
90,91,96,0
90,91,97,0
90,91,98,0
90,91,99,0
90,91,100,0
90,92,90,0
90,92,91,0
90,92,92,0
90,92,93,0
90,92,94,0
90,92,95,0
90,92,96,0
90,92,97,0
90,92,98,0
90,92,99,0
90,92,100,0
90,93,90,0
90,93,91,0
90,93,92,0
90,93,93,0
90,93,94,0
90,93,95,0
90,93,96,0
90,93,97,0
90,93,98,0
90,93,99,0
90,93,100,0
90,94,90,0
90,94,91,0
90,94,92,0
90,94,93,0
90,94,94,0
90,94,95,0
90,94,96,0
90,94,97,0
90,94,98,0
90,94,99,0
90,94,100,0
90,95,90,0
90,95,91,0
90,95,92,0
90,95,93,0
90,95,94,0
90,95,95,0
90,95,96,0
90,95,97,0
90,95,98,0
90,95,99,0
90,95,100,0
90,96,90,0
90,96,91,0
90,96,92,0
90,96,93,0
90,96,94,0
90,96,95,0
90,96,96,0
90,96,97,0
90,96,98,0
90,96,99,0
90,96,100,0
90,97,90,0
90,97,91,0
90,97,92,0
90,97,93,0
90,97,94,0
90,97,95,0
90,97,96,0
90,97,97,0
90,97,98,0
90,97,99,0
90,97,100,0
90,98,90,0
90,98,91,0
90,98,92,0
90,98,93,0
90,98,94,0
90,98,95,0
90,98,96,0
90,98,97,0
90,98,98,0
90,98,99,0
90,98,100,0
90,99,90,0
90,99,91,0
90,99,92,0
90,99,93,0
90,99,94,0
90,99,95,0
90,99,96,0
90,99,97,0
90,99,98,0
90,99,99,0
90,99,100,0
90,100,90,0
90,100,91,0
90,100,92,0
90,100,93,0
90,100,94,0
90,100,95,0
90,100,96,0
90,100,97,0
90,100,98,0
90,100,99,0
90,100,100,0
91,90,90,0
91,90,91,0
91,90,92,0
91,90,93,0
91,90,94,0
91,90,95,0
91,90,96,0
91,90,97,0
91,90,98,0
91,90,99,0
91,90,100,0
91,91,90,0
91,91,91,0
91,91,92,0
91,91,93,0
91,91,94,0
91,91,95,0
91,91,96,0
91,91,97,0
91,91,98,0
91,91,99,0
91,91,100,0
91,92,90,0
91,92,91,0
91,92,92,0
91,92,93,0
91,92,94,0
91,92,95,0
91,92,96,0
91,92,97,0
91,92,98,0
91,92,99,0
91,92,100,0
91,93,90,0
91,93,91,0
91,93,92,0
91,93,93,0
91,93,94,0
91,93,95,0
91,93,96,0
91,93,97,0
91,93,98,0
91,93,99,0
91,93,100,0
91,94,90,0
91,94,91,0
91,94,92,0
91,94,93,0
91,94,94,0
91,94,95,0
91,94,96,0
91,94,97,0
91,94,98,0
91,94,99,0
91,94,100,0
91,95,90,0
91,95,91,0
91,95,92,0
91,95,93,0
91,95,94,0
91,95,95,0
91,95,96,0
91,95,97,0
91,95,98,0
91,95,99,0
91,95,100,0
91,96,90,0
91,96,91,0
91,96,92,0
91,96,93,0
91,96,94,0
91,96,95,0
91,96,96,0
91,96,97,0
91,96,98,0
91,96,99,0
91,96,100,0
91,97,90,0
91,97,91,0
91,97,92,0
91,97,93,0
91,97,94,0
91,97,95,0
91,97,96,0
91,97,97,0
91,97,98,0
91,97,99,0
91,97,100,0
91,98,90,0
91,98,91,0
91,98,92,0
91,98,93,0
91,98,94,0
91,98,95,0
91,98,96,0
91,98,97,0
91,98,98,0
91,98,99,0
91,98,100,0
91,99,90,0
91,99,91,0
91,99,92,0
91,99,93,0
91,99,94,0
91,99,95,0
91,99,96,0
91,99,97,0
91,99,98,0
91,99,99,0
91,99,100,0
91,100,90,0
91,100,91,0
91,100,92,0
91,100,93,0
91,100,94,0
91,100,95,0
91,100,96,0
91,100,97,0
91,100,98,0
91,100,99,0
91,100,100,0
92,90,90,0
92,90,91,0
92,90,92,0
92,90,93,0
92,90,94,0
92,90,95,0
92,90,96,0
92,90,97,0
92,90,98,0
92,90,99,0
92,90,100,0
92,91,90,0
92,91,91,0
92,91,92,0
92,91,93,0
92,91,94,0
92,91,95,0
92,91,96,0
92,91,97,0
92,91,98,0
92,91,99,0
92,91,100,0
92,92,90,0
92,92,91,0
92,92,92,0
92,92,93,0
92,92,94,0
92,92,95,0
92,92,96,0
92,92,97,0
92,92,98,0
92,92,99,0
92,92,100,0
92,93,90,0
92,93,91,0
92,93,92,0
92,93,93,0
92,93,94,0
92,93,95,0
92,93,96,0
92,93,97,0
92,93,98,0
92,93,99,0
92,93,100,0
92,94,90,0
92,94,91,0
92,94,92,0
92,94,93,0
92,94,94,0
92,94,95,0
92,94,96,0
92,94,97,0
92,94,98,0
92,94,99,0
92,94,100,0
92,95,90,0
92,95,91,0
92,95,92,0
92,95,93,0
92,95,94,0
92,95,95,0
92,95,96,0
92,95,97,0
92,95,98,0
92,95,99,0
92,95,100,0
92,96,90,0
92,96,91,0
92,96,92,0
92,96,93,0
92,96,94,0
92,96,95,0
92,96,96,0
92,96,97,0
92,96,98,0
92,96,99,0
92,96,100,0
92,97,90,0
92,97,91,0
92,97,92,0
92,97,93,0
92,97,94,0
92,97,95,0
92,97,96,0
92,97,97,0
92,97,98,0
92,97,99,0
92,97,100,0
92,98,90,0
92,98,91,0
92,98,92,0
92,98,93,0
92,98,94,0
92,98,95,0
92,98,96,0
92,98,97,0
92,98,98,0
92,98,99,0
92,98,100,0
92,99,90,0
92,99,91,0
92,99,92,0
92,99,93,0
92,99,94,0
92,99,95,0
92,99,96,0
92,99,97,0
92,99,98,0
92,99,99,0
92,99,100,0
92,100,90,0
92,100,91,0
92,100,92,0
92,100,93,0
92,100,94,0
92,100,95,0
92,100,96,0
92,100,97,0
92,100,98,0
92,100,99,0
92,100,100,0
93,90,90,0
93,90,91,0
93,90,92,0
93,90,93,0
93,90,94,0
93,90,95,0
93,90,96,0
93,90,97,0
93,90,98,0
93,90,99,0
93,90,100,0
93,91,90,0
93,91,91,0
93,91,92,0
93,91,93,0
93,91,94,0
93,91,95,0
93,91,96,0
93,91,97,0
93,91,98,0
93,91,99,0
93,91,100,0
93,92,90,0
93,92,91,0
93,92,92,0
93,92,93,0
93,92,94,0
93,92,95,0
93,92,96,0
93,92,97,0
93,92,98,0
93,92,99,0
93,92,100,0
93,93,90,0
93,93,91,0
93,93,92,0
93,93,93,0
93,93,94,0
93,93,95,0
93,93,96,0
93,93,97,0
93,93,98,0
93,93,99,0
93,93,100,0
93,94,90,0
93,94,91,0
93,94,92,0
93,94,93,0
93,94,94,0
93,94,95,0
93,94,96,0
93,94,97,0
93,94,98,0
93,94,99,0
93,94,100,0
93,95,90,0
93,95,91,0
93,95,92,0
93,95,93,0
93,95,94,0
93,95,95,0
93,95,96,0
93,95,97,0
93,95,98,0
93,95,99,0
93,95,100,0
93,96,90,0
93,96,91,0
93,96,92,0
93,96,93,0
93,96,94,0
93,96,95,0
93,96,96,0
93,96,97,0
93,96,98,0
93,96,99,0
93,96,100,0
93,97,90,0
93,97,91,0
93,97,92,0
93,97,93,0
93,97,94,0
93,97,95,0
93,97,96,0
93,97,97,0
93,97,98,0
93,97,99,0
93,97,100,0
93,98,90,0
93,98,91,0
93,98,92,0
93,98,93,0
93,98,94,0
93,98,95,0
93,98,96,0
93,98,97,0
93,98,98,0
93,98,99,0
93,98,100,0
93,99,90,0
93,99,91,0
93,99,92,0
93,99,93,0
93,99,94,0
93,99,95,0
93,99,96,0
93,99,97,0
93,99,98,0
93,99,99,0
93,99,100,0
93,100,90,0
93,100,91,0
93,100,92,0
93,100,93,0
93,100,94,0
93,100,95,0
93,100,96,0
93,100,97,0
93,100,98,0
93,100,99,0
93,100,100,0
94,90,90,0
94,90,91,0
94,90,92,0
94,90,93,0
94,90,94,0
94,90,95,0
94,90,96,0
94,90,97,0
94,90,98,0
94,90,99,0
94,90,100,0
94,91,90,0
94,91,91,0
94,91,92,0
94,91,93,0
94,91,94,0
94,91,95,0
94,91,96,0
94,91,97,0
94,91,98,0
94,91,99,0
94,91,100,0
94,92,90,0
94,92,91,0
94,92,92,0
94,92,93,0
94,92,94,0
94,92,95,0
94,92,96,0
94,92,97,0
94,92,98,0
94,92,99,0
94,92,100,0
94,93,90,0
94,93,91,0
94,93,92,0
94,93,93,0
94,93,94,0
94,93,95,0
94,93,96,0
94,93,97,0
94,93,98,0
94,93,99,0
94,93,100,0
94,94,90,0
94,94,91,0
94,94,92,0
94,94,93,0
94,94,94,0
94,94,95,0
94,94,96,0
94,94,97,0
94,94,98,0
94,94,99,0
94,94,100,0
94,95,90,0
94,95,91,0
94,95,92,0
94,95,93,0
94,95,94,0
94,95,95,0
94,95,96,0
94,95,97,0
94,95,98,0
94,95,99,0
94,95,100,0
94,96,90,0
94,96,91,0
94,96,92,0
94,96,93,0
94,96,94,0
94,96,95,0
94,96,96,0
94,96,97,0
94,96,98,0
94,96,99,0
94,96,100,0
94,97,90,0
94,97,91,0
94,97,92,0
94,97,93,0
94,97,94,0
94,97,95,0
94,97,96,0
94,97,97,0
94,97,98,0
94,97,99,0
94,97,100,0
94,98,90,0
94,98,91,0
94,98,92,0
94,98,93,0
94,98,94,0
94,98,95,0
94,98,96,0
94,98,97,0
94,98,98,0
94,98,99,0
94,98,100,0
94,99,90,0
94,99,91,0
94,99,92,0
94,99,93,0
94,99,94,0
94,99,95,0
94,99,96,0
94,99,97,0
94,99,98,0
94,99,99,0
94,99,100,0
94,100,90,0
94,100,91,0
94,100,92,0
94,100,93,0
94,100,94,0
94,100,95,0
94,100,96,0
94,100,97,0
94,100,98,0
94,100,99,0
94,100,100,0
95,90,90,0
95,90,91,0
95,90,92,0
95,90,93,0
95,90,94,0
95,90,95,0
95,90,96,0
95,90,97,0
95,90,98,0
95,90,99,0
95,90,100,0
95,91,90,0
95,91,91,0
95,91,92,0
95,91,93,0
95,91,94,0
95,91,95,0
95,91,96,0
95,91,97,0
95,91,98,0
95,91,99,0
95,91,100,0
95,92,90,0
95,92,91,0
95,92,92,0
95,92,93,0
95,92,94,0
95,92,95,0
95,92,96,0
95,92,97,0
95,92,98,0
95,92,99,0
95,92,100,0
95,93,90,0
95,93,91,0
95,93,92,0
95,93,93,0
95,93,94,0
95,93,95,0
95,93,96,0
95,93,97,0
95,93,98,0
95,93,99,0
95,93,100,0
95,94,90,0
95,94,91,0
95,94,92,0
95,94,93,0
95,94,94,0
95,94,95,0
95,94,96,0
95,94,97,0
95,94,98,0
95,94,99,0
95,94,100,0
95,95,90,0
95,95,91,0
95,95,92,0
95,95,93,0
95,95,94,0
95,95,95,0
95,95,96,0
95,95,97,0
95,95,98,0
95,95,99,0
95,95,100,0
95,96,90,0
95,96,91,0
95,96,92,0
95,96,93,0
95,96,94,0
95,96,95,0
95,96,96,0
95,96,97,0
95,96,98,0
95,96,99,0
95,96,100,0
95,97,90,0
95,97,91,0
95,97,92,0
95,97,93,0
95,97,94,0
95,97,95,0
95,97,96,0
95,97,97,0
95,97,98,0
95,97,99,0
95,97,100,0
95,98,90,0
95,98,91,0
95,98,92,0
95,98,93,0
95,98,94,0
95,98,95,0
95,98,96,0
95,98,97,0
95,98,98,0
95,98,99,0
95,98,100,0
95,99,90,0
95,99,91,0
95,99,92,0
95,99,93,0
95,99,94,0
95,99,95,0
95,99,96,0
95,99,97,0
95,99,98,0
95,99,99,0
95,99,100,0
95,100,90,0
95,100,91,0
95,100,92,0
95,100,93,0
95,100,94,0
95,100,95,0
95,100,96,0
95,100,97,0
95,100,98,0
95,100,99,0
95,100,100,0
96,90,90,0
96,90,91,0
96,90,92,0
96,90,93,0
96,90,94,0
96,90,95,0
96,90,96,0
96,90,97,0
96,90,98,0
96,90,99,0
96,90,100,0
96,91,90,0
96,91,91,0
96,91,92,0
96,91,93,0
96,91,94,0
96,91,95,0
96,91,96,0
96,91,97,0
96,91,98,0
96,91,99,0
96,91,100,0
96,92,90,0
96,92,91,0
96,92,92,0
96,92,93,0
96,92,94,0
96,92,95,0
96,92,96,0
96,92,97,0
96,92,98,0
96,92,99,0
96,92,100,0
96,93,90,0
96,93,91,0
96,93,92,0
96,93,93,0
96,93,94,0
96,93,95,0
96,93,96,0
96,93,97,0
96,93,98,0
96,93,99,0
96,93,100,0
96,94,90,0
96,94,91,0
96,94,92,0
96,94,93,0
96,94,94,0
96,94,95,0
96,94,96,0
96,94,97,0
96,94,98,0
96,94,99,0
96,94,100,0
96,95,90,0
96,95,91,0
96,95,92,0
96,95,93,0
96,95,94,0
96,95,95,0
96,95,96,0
96,95,97,0
96,95,98,0
96,95,99,0
96,95,100,0
96,96,90,0
96,96,91,0
96,96,92,0
96,96,93,0
96,96,94,0
96,96,95,0
96,96,96,0
96,96,97,0
96,96,98,0
96,96,99,0
96,96,100,0
96,97,90,0
96,97,91,0
96,97,92,0
96,97,93,0
96,97,94,0
96,97,95,0
96,97,96,0
96,97,97,0
96,97,98,0
96,97,99,0
96,97,100,0
96,98,90,0
96,98,91,0
96,98,92,0
96,98,93,0
96,98,94,0
96,98,95,0
96,98,96,0
96,98,97,0
96,98,98,0
96,98,99,0
96,98,100,0
96,99,90,0
96,99,91,0
96,99,92,0
96,99,93,0
96,99,94,0
96,99,95,0
96,99,96,0
96,99,97,0
96,99,98,0
96,99,99,0
96,99,100,0
96,100,90,0
96,100,91,0
96,100,92,0
96,100,93,0
96,100,94,0
96,100,95,0
96,100,96,0
96,100,97,0
96,100,98,0
96,100,99,0
96,100,100,0
97,90,90,0
97,90,91,0
97,90,92,0
97,90,93,0
97,90,94,0
97,90,95,0
97,90,96,0
97,90,97,0
97,90,98,0
97,90,99,0
97,90,100,0
97,91,90,0
97,91,91,0
97,91,92,0
97,91,93,0
97,91,94,0
97,91,95,0
97,91,96,0
97,91,97,0
97,91,98,0
97,91,99,0
97,91,100,0
97,92,90,0
97,92,91,0
97,92,92,0
97,92,93,0
97,92,94,0
97,92,95,0
97,92,96,0
97,92,97,0
97,92,98,0
97,92,99,0
97,92,100,0
97,93,90,0
97,93,91,0
97,93,92,0
97,93,93,0
97,93,94,0
97,93,95,0
97,93,96,0
97,93,97,0
97,93,98,0
97,93,99,0
97,93,100,0
97,94,90,0
97,94,91,0
97,94,92,0
97,94,93,0
97,94,94,0
97,94,95,0
97,94,96,0
97,94,97,0
97,94,98,0
97,94,99,0
97,94,100,0
97,95,90,0
97,95,91,0
97,95,92,0
97,95,93,0
97,95,94,0
97,95,95,0
97,95,96,0
97,95,97,0
97,95,98,0
97,95,99,0
97,95,100,0
97,96,90,0
97,96,91,0
97,96,92,0
97,96,93,0
97,96,94,0
97,96,95,0
97,96,96,0
97,96,97,0
97,96,98,0
97,96,99,0
97,96,100,0
97,97,90,0
97,97,91,0
97,97,92,0
97,97,93,0
97,97,94,0
97,97,95,0
97,97,96,0
97,97,97,0
97,97,98,0
97,97,99,0
97,97,100,0
97,98,90,0
97,98,91,0
97,98,92,0
97,98,93,0
97,98,94,0
97,98,95,0
97,98,96,0
97,98,97,0
97,98,98,0
97,98,99,0
97,98,100,0
97,99,90,0
97,99,91,0
97,99,92,0
97,99,93,0
97,99,94,0
97,99,95,0
97,99,96,0
97,99,97,0
97,99,98,0
97,99,99,0
97,99,100,0
97,100,90,0
97,100,91,0
97,100,92,0
97,100,93,0
97,100,94,0
97,100,95,0
97,100,96,0
97,100,97,0
97,100,98,0
97,100,99,0
97,100,100,0
98,90,90,0
98,90,91,0
98,90,92,0
98,90,93,0
98,90,94,0
98,90,95,0
98,90,96,0
98,90,97,0
98,90,98,0
98,90,99,0
98,90,100,0
98,91,90,0
98,91,91,0
98,91,92,0
98,91,93,0
98,91,94,0
98,91,95,0
98,91,96,0
98,91,97,0
98,91,98,0
98,91,99,0
98,91,100,0
98,92,90,0
98,92,91,0
98,92,92,0
98,92,93,0
98,92,94,0
98,92,95,0
98,92,96,0
98,92,97,0
98,92,98,0
98,92,99,0
98,92,100,0
98,93,90,0
98,93,91,0
98,93,92,0
98,93,93,0
98,93,94,0
98,93,95,0
98,93,96,0
98,93,97,0
98,93,98,0
98,93,99,0
98,93,100,0
98,94,90,0
98,94,91,0
98,94,92,0
98,94,93,0
98,94,94,0
98,94,95,0
98,94,96,0
98,94,97,0
98,94,98,0
98,94,99,0
98,94,100,0
98,95,90,0
98,95,91,0
98,95,92,0
98,95,93,0
98,95,94,0
98,95,95,0
98,95,96,0
98,95,97,0
98,95,98,0
98,95,99,0
98,95,100,0
98,96,90,0
98,96,91,0
98,96,92,0
98,96,93,0
98,96,94,0
98,96,95,0
98,96,96,0
98,96,97,0
98,96,98,0
98,96,99,0
98,96,100,0
98,97,90,0
98,97,91,0
98,97,92,0
98,97,93,0
98,97,94,0
98,97,95,0
98,97,96,0
98,97,97,0
98,97,98,0
98,97,99,0
98,97,100,0
98,98,90,0
98,98,91,0
98,98,92,0
98,98,93,0
98,98,94,0
98,98,95,0
98,98,96,0
98,98,97,0
98,98,98,0
98,98,99,0
98,98,100,0
98,99,90,0
98,99,91,0
98,99,92,0
98,99,93,0
98,99,94,0
98,99,95,0
98,99,96,0
98,99,97,0
98,99,98,0
98,99,99,0
98,99,100,0
98,100,90,0
98,100,91,0
98,100,92,0
98,100,93,0
98,100,94,0
98,100,95,0
98,100,96,0
98,100,97,0
98,100,98,0
98,100,99,0
98,100,100,0
99,90,90,0
99,90,91,0
99,90,92,0
99,90,93,0
99,90,94,0
99,90,95,0
99,90,96,0
99,90,97,0
99,90,98,0
99,90,99,0
99,90,100,0
99,91,90,0
99,91,91,0
99,91,92,0
99,91,93,0
99,91,94,0
99,91,95,0
99,91,96,0
99,91,97,0
99,91,98,0
99,91,99,0
99,91,100,0
99,92,90,0
99,92,91,0
99,92,92,0
99,92,93,0
99,92,94,0
99,92,95,0
99,92,96,0
99,92,97,0
99,92,98,0
99,92,99,0
99,92,100,0
99,93,90,0
99,93,91,0
99,93,92,0
99,93,93,0
99,93,94,0
99,93,95,0
99,93,96,0
99,93,97,0
99,93,98,0
99,93,99,0
99,93,100,0
99,94,90,0
99,94,91,0
99,94,92,0
99,94,93,0
99,94,94,0
99,94,95,0
99,94,96,0
99,94,97,0
99,94,98,0
99,94,99,0
99,94,100,0
99,95,90,0
99,95,91,0
99,95,92,0
99,95,93,0
99,95,94,0
99,95,95,0
99,95,96,0
99,95,97,0
99,95,98,0
99,95,99,0
99,95,100,0
99,96,90,0
99,96,91,0
99,96,92,0
99,96,93,0
99,96,94,0
99,96,95,0
99,96,96,0
99,96,97,0
99,96,98,0
99,96,99,0
99,96,100,0
99,97,90,0
99,97,91,0
99,97,92,0
99,97,93,0
99,97,94,0
99,97,95,0
99,97,96,0
99,97,97,0
99,97,98,0
99,97,99,0
99,97,100,0
99,98,90,0
99,98,91,0
99,98,92,0
99,98,93,0
99,98,94,0
99,98,95,0
99,98,96,0
99,98,97,0
99,98,98,0
99,98,99,0
99,98,100,0
99,99,90,0
99,99,91,0
99,99,92,0
99,99,93,0
99,99,94,0
99,99,95,0
99,99,96,0
99,99,97,0
99,99,98,0
99,99,99,0
99,99,100,0
99,100,90,0
99,100,91,0
99,100,92,0
99,100,93,0
99,100,94,0
99,100,95,0
99,100,96,0
99,100,97,0
99,100,98,0
99,100,99,0
99,100,100,0
100,90,90,0
100,90,91,0
100,90,92,0
100,90,93,0
100,90,94,0
100,90,95,0
100,90,96,0
100,90,97,0
100,90,98,0
100,90,99,0
100,90,100,0
100,91,90,0
100,91,91,0
100,91,92,0
100,91,93,0
100,91,94,0
100,91,95,0
100,91,96,0
100,91,97,0
100,91,98,0
100,91,99,0
100,91,100,0
100,92,90,0
100,92,91,0
100,92,92,0
100,92,93,0
100,92,94,0
100,92,95,0
100,92,96,0
100,92,97,0
100,92,98,0
100,92,99,0
100,92,100,0
100,93,90,0
100,93,91,0
100,93,92,0
100,93,93,0
100,93,94,0
100,93,95,0
100,93,96,0
100,93,97,0
100,93,98,0
100,93,99,0
100,93,100,0
100,94,90,0
100,94,91,0
100,94,92,0
100,94,93,0
100,94,94,0
100,94,95,0
100,94,96,0
100,94,97,0
100,94,98,0
100,94,99,0
100,94,100,0
100,95,90,0
100,95,91,0
100,95,92,0
100,95,93,0
100,95,94,0
100,95,95,0
100,95,96,0
100,95,97,0
100,95,98,0
100,95,99,0
100,95,100,0
100,96,90,0
100,96,91,0
100,96,92,0
100,96,93,0
100,96,94,0
100,96,95,0
100,96,96,0
100,96,97,0
100,96,98,0
100,96,99,0
100,96,100,0
100,97,90,0
100,97,91,0
100,97,92,0
100,97,93,0
100,97,94,0
100,97,95,0
100,97,96,0
100,97,97,0
100,97,98,0
100,97,99,0
100,97,100,0
100,98,90,0
100,98,91,0
100,98,92,0
100,98,93,0
100,98,94,0
100,98,95,0
100,98,96,0
100,98,97,0
100,98,98,0
100,98,99,0
100,98,100,0
100,99,90,0
100,99,91,0
100,99,92,0
100,99,93,0
100,99,94,0
100,99,95,0
100,99,96,0
100,99,97,0
100,99,98,0
100,99,99,0
100,99,100,0
100,100,90,0
100,100,91,0
100,100,92,0
100,100,93,0
100,100,94,0
100,100,95,0
100,100,96,0
100,100,97,0
100,100,98,0
100,100,99,0
100,100,100,0
80,80,80,1
80,80,81,1
80,80,82,1
80,80,83,1
80,80,84,1
80,80,85,1
80,80,86,1
80,80,87,1
80,80,88,1
80,80,89,1
80,81,80,1
80,81,81,1
80,81,82,1
80,81,83,1
80,81,84,1
80,81,85,1
80,81,86,1
80,81,87,1
80,81,88,1
80,81,89,1
80,82,80,1
80,82,81,1
80,82,82,1
80,82,83,1
80,82,84,1
80,82,85,1
80,82,86,1
80,82,87,1
80,82,88,1
80,82,89,1
80,83,80,1
80,83,81,1
80,83,82,1
80,83,83,1
80,83,84,1
80,83,85,1
80,83,86,1
80,83,87,1
80,83,88,1
80,83,89,1
80,84,80,1
80,84,81,1
80,84,82,1
80,84,83,1
80,84,84,1
80,84,85,1
80,84,86,1
80,84,87,1
80,84,88,1
80,84,89,1
80,85,80,1
80,85,81,1
80,85,82,1
80,85,83,1
80,85,84,1
80,85,85,1
80,85,86,1
80,85,87,1
80,85,88,1
80,85,89,1
80,86,80,1
80,86,81,1
80,86,82,1
80,86,83,1
80,86,84,1
80,86,85,1
80,86,86,1
80,86,87,1
80,86,88,1
80,86,89,1
80,87,80,1
80,87,81,1
80,87,82,1
80,87,83,1
80,87,84,1
80,87,85,1
80,87,86,1
80,87,87,1
80,87,88,1
80,87,89,1
80,88,80,1
80,88,81,1
80,88,82,1
80,88,83,1
80,88,84,1
80,88,85,1
80,88,86,1
80,88,87,1
80,88,88,1
80,88,89,1
80,89,80,1
80,89,81,1
80,89,82,1
80,89,83,1
80,89,84,1
80,89,85,1
80,89,86,1
80,89,87,1
80,89,88,1
80,89,89,1
81,80,80,1
81,80,81,1
81,80,82,1
81,80,83,1
81,80,84,1
81,80,85,1
81,80,86,1
81,80,87,1
81,80,88,1
81,80,89,1
81,81,80,1
81,81,81,1
81,81,82,1
81,81,83,1
81,81,84,1
81,81,85,1
81,81,86,1
81,81,87,1
81,81,88,1
81,81,89,1
81,82,80,1
81,82,81,1
81,82,82,1
81,82,83,1
81,82,84,1
81,82,85,1
81,82,86,1
81,82,87,1
81,82,88,1
81,82,89,1
81,83,80,1
81,83,81,1
81,83,82,1
81,83,83,1
81,83,84,1
81,83,85,1
81,83,86,1
81,83,87,1
81,83,88,1
81,83,89,1
81,84,80,1
81,84,81,1
81,84,82,1
81,84,83,1
81,84,84,1
81,84,85,1
81,84,86,1
81,84,87,1
81,84,88,1
81,84,89,1
81,85,80,1
81,85,81,1
81,85,82,1
81,85,83,1
81,85,84,1
81,85,85,1
81,85,86,1
81,85,87,1
81,85,88,1
81,85,89,1
81,86,80,1
81,86,81,1
81,86,82,1
81,86,83,1
81,86,84,1
81,86,85,1
81,86,86,1
81,86,87,1
81,86,88,1
81,86,89,1
81,87,80,1
81,87,81,1
81,87,82,1
81,87,83,1
81,87,84,1
81,87,85,1
81,87,86,1
81,87,87,1
81,87,88,1
81,87,89,1
81,88,80,1
81,88,81,1
81,88,82,1
81,88,83,1
81,88,84,1
81,88,85,1
81,88,86,1
81,88,87,1
81,88,88,1
81,88,89,1
81,89,80,1
81,89,81,1
81,89,82,1
81,89,83,1
81,89,84,1
81,89,85,1
81,89,86,1
81,89,87,1
81,89,88,1
81,89,89,1
82,80,80,1
82,80,81,1
82,80,82,1
82,80,83,1
82,80,84,1
82,80,85,1
82,80,86,1
82,80,87,1
82,80,88,1
82,80,89,1
82,81,80,1
82,81,81,1
82,81,82,1
82,81,83,1
82,81,84,1
82,81,85,1
82,81,86,1
82,81,87,1
82,81,88,1
82,81,89,1
82,82,80,1
82,82,81,1
82,82,82,1
82,82,83,1
82,82,84,1
82,82,85,1
82,82,86,1
82,82,87,1
82,82,88,1
82,82,89,1
82,83,80,1
82,83,81,1
82,83,82,1
82,83,83,1
82,83,84,1
82,83,85,1
82,83,86,1
82,83,87,1
82,83,88,1
82,83,89,1
82,84,80,1
82,84,81,1
82,84,82,1
82,84,83,1
82,84,84,1
82,84,85,1
82,84,86,1
82,84,87,1
82,84,88,1
82,84,89,1
82,85,80,1
82,85,81,1
82,85,82,1
82,85,83,1
82,85,84,1
82,85,85,1
82,85,86,1
82,85,87,1
82,85,88,1
82,85,89,1
82,86,80,1
82,86,81,1
82,86,82,1
82,86,83,1
82,86,84,1
82,86,85,1
82,86,86,1
82,86,87,1
82,86,88,1
82,86,89,1
82,87,80,1
82,87,81,1
82,87,82,1
82,87,83,1
82,87,84,1
82,87,85,1
82,87,86,1
82,87,87,1
82,87,88,1
82,87,89,1
82,88,80,1
82,88,81,1
82,88,82,1
82,88,83,1
82,88,84,1
82,88,85,1
82,88,86,1
82,88,87,1
82,88,88,1
82,88,89,1
82,89,80,1
82,89,81,1
82,89,82,1
82,89,83,1
82,89,84,1
82,89,85,1
82,89,86,1
82,89,87,1
82,89,88,1
82,89,89,1
83,80,80,1
83,80,81,1
83,80,82,1
83,80,83,1
83,80,84,1
83,80,85,1
83,80,86,1
83,80,87,1
83,80,88,1
83,80,89,1
83,81,80,1
83,81,81,1
83,81,82,1
83,81,83,1
83,81,84,1
83,81,85,1
83,81,86,1
83,81,87,1
83,81,88,1
83,81,89,1
83,82,80,1
83,82,81,1
83,82,82,1
83,82,83,1
83,82,84,1
83,82,85,1
83,82,86,1
83,82,87,1
83,82,88,1
83,82,89,1
83,83,80,1
83,83,81,1
83,83,82,1
83,83,83,1
83,83,84,1
83,83,85,1
83,83,86,1
83,83,87,1
83,83,88,1
83,83,89,1
83,84,80,1
83,84,81,1
83,84,82,1
83,84,83,1
83,84,84,1
83,84,85,1
83,84,86,1
83,84,87,1
83,84,88,1
83,84,89,1
83,85,80,1
83,85,81,1
83,85,82,1
83,85,83,1
83,85,84,1
83,85,85,1
83,85,86,1
83,85,87,1
83,85,88,1
83,85,89,1
83,86,80,1
83,86,81,1
83,86,82,1
83,86,83,1
83,86,84,1
83,86,85,1
83,86,86,1
83,86,87,1
83,86,88,1
83,86,89,1
83,87,80,1
83,87,81,1
83,87,82,1
83,87,83,1
83,87,84,1
83,87,85,1
83,87,86,1
83,87,87,1
83,87,88,1
83,87,89,1
83,88,80,1
83,88,81,1
83,88,82,1
83,88,83,1
83,88,84,1
83,88,85,1
83,88,86,1
83,88,87,1
83,88,88,1
83,88,89,1
83,89,80,1
83,89,81,1
83,89,82,1
83,89,83,1
83,89,84,1
83,89,85,1
83,89,86,1
83,89,87,1
83,89,88,1
83,89,89,1
84,80,80,1
84,80,81,1
84,80,82,1
84,80,83,1
84,80,84,1
84,80,85,1
84,80,86,1
84,80,87,1
84,80,88,1
84,80,89,1
84,81,80,1
84,81,81,1
84,81,82,1
84,81,83,1
84,81,84,1
84,81,85,1
84,81,86,1
84,81,87,1
84,81,88,1
84,81,89,1
84,82,80,1
84,82,81,1
84,82,82,1
84,82,83,1
84,82,84,1
84,82,85,1
84,82,86,1
84,82,87,1
84,82,88,1
84,82,89,1
84,83,80,1
84,83,81,1
84,83,82,1
84,83,83,1
84,83,84,1
84,83,85,1
84,83,86,1
84,83,87,1
84,83,88,1
84,83,89,1
84,84,80,1
84,84,81,1
84,84,82,1
84,84,83,1
84,84,84,1
84,84,85,1
84,84,86,1
84,84,87,1
84,84,88,1
84,84,89,1
84,85,80,1
84,85,81,1
84,85,82,1
84,85,83,1
84,85,84,1
84,85,85,1
84,85,86,1
84,85,87,1
84,85,88,1
84,85,89,1
84,86,80,1
84,86,81,1
84,86,82,1
84,86,83,1
84,86,84,1
84,86,85,1
84,86,86,1
84,86,87,1
84,86,88,1
84,86,89,1
84,87,80,1
84,87,81,1
84,87,82,1
84,87,83,1
84,87,84,1
84,87,85,1
84,87,86,1
84,87,87,1
84,87,88,1
84,87,89,1
84,88,80,1
84,88,81,1
84,88,82,1
84,88,83,1
84,88,84,1
84,88,85,1
84,88,86,1
84,88,87,1
84,88,88,1
84,88,89,1
84,89,80,1
84,89,81,1
84,89,82,1
84,89,83,1
84,89,84,1
84,89,85,1
84,89,86,1
84,89,87,1
84,89,88,1
84,89,89,1
85,80,80,1
85,80,81,1
85,80,82,1
85,80,83,1
85,80,84,1
85,80,85,1
85,80,86,1
85,80,87,1
85,80,88,1
85,80,89,1
85,81,80,1
85,81,81,1
85,81,82,1
85,81,83,1
85,81,84,1
85,81,85,1
85,81,86,1
85,81,87,1
85,81,88,1
85,81,89,1
85,82,80,1
85,82,81,1
85,82,82,1
85,82,83,1
85,82,84,1
85,82,85,1
85,82,86,1
85,82,87,1
85,82,88,1
85,82,89,1
85,83,80,1
85,83,81,1
85,83,82,1
85,83,83,1
85,83,84,1
85,83,85,1
85,83,86,1
85,83,87,1
85,83,88,1
85,83,89,1
85,84,80,1
85,84,81,1
85,84,82,1
85,84,83,1
85,84,84,1
85,84,85,1
85,84,86,1
85,84,87,1
85,84,88,1
85,84,89,1
85,85,80,1
85,85,81,1
85,85,82,1
85,85,83,1
85,85,84,1
85,85,85,1
85,85,86,1
85,85,87,1
85,85,88,1
85,85,89,1
85,86,80,1
85,86,81,1
85,86,82,1
85,86,83,1
85,86,84,1
85,86,85,1
85,86,86,1
85,86,87,1
85,86,88,1
85,86,89,1
85,87,80,1
85,87,81,1
85,87,82,1
85,87,83,1
85,87,84,1
85,87,85,1
85,87,86,1
85,87,87,1
85,87,88,1
85,87,89,1
85,88,80,1
85,88,81,1
85,88,82,1
85,88,83,1
85,88,84,1
85,88,85,1
85,88,86,1
85,88,87,1
85,88,88,1
85,88,89,1
85,89,80,1
85,89,81,1
85,89,82,1
85,89,83,1
85,89,84,1
85,89,85,1
85,89,86,1
85,89,87,1
85,89,88,1
85,89,89,1
86,80,80,1
86,80,81,1
86,80,82,1
86,80,83,1
86,80,84,1
86,80,85,1
86,80,86,1
86,80,87,1
86,80,88,1
86,80,89,1
86,81,80,1
86,81,81,1
86,81,82,1
86,81,83,1
86,81,84,1
86,81,85,1
86,81,86,1
86,81,87,1
86,81,88,1
86,81,89,1
86,82,80,1
86,82,81,1
86,82,82,1
86,82,83,1
86,82,84,1
86,82,85,1
86,82,86,1
86,82,87,1
86,82,88,1
86,82,89,1
86,83,80,1
86,83,81,1
86,83,82,1
86,83,83,1
86,83,84,1
86,83,85,1
86,83,86,1
86,83,87,1
86,83,88,1
86,83,89,1
86,84,80,1
86,84,81,1
86,84,82,1
86,84,83,1
86,84,84,1
86,84,85,1
86,84,86,1
86,84,87,1
86,84,88,1
86,84,89,1
86,85,80,1
86,85,81,1
86,85,82,1
86,85,83,1
86,85,84,1
86,85,85,1
86,85,86,1
86,85,87,1
86,85,88,1
86,85,89,1
86,86,80,1
86,86,81,1
86,86,82,1
86,86,83,1
86,86,84,1
86,86,85,1
86,86,86,1
86,86,87,1
86,86,88,1
86,86,89,1
86,87,80,1
86,87,81,1
86,87,82,1
86,87,83,1
86,87,84,1
86,87,85,1
86,87,86,1
86,87,87,1
86,87,88,1
86,87,89,1
86,88,80,1
86,88,81,1
86,88,82,1
86,88,83,1
86,88,84,1
86,88,85,1
86,88,86,1
86,88,87,1
86,88,88,1
86,88,89,1
86,89,80,1
86,89,81,1
86,89,82,1
86,89,83,1
86,89,84,1
86,89,85,1
86,89,86,1
86,89,87,1
86,89,88,1
86,89,89,1
87,80,80,1
87,80,81,1
87,80,82,1
87,80,83,1
87,80,84,1
87,80,85,1
87,80,86,1
87,80,87,1
87,80,88,1
87,80,89,1
87,81,80,1
87,81,81,1
87,81,82,1
87,81,83,1
87,81,84,1
87,81,85,1
87,81,86,1
87,81,87,1
87,81,88,1
87,81,89,1
87,82,80,1
87,82,81,1
87,82,82,1
87,82,83,1
87,82,84,1
87,82,85,1
87,82,86,1
87,82,87,1
87,82,88,1
87,82,89,1
87,83,80,1
87,83,81,1
87,83,82,1
87,83,83,1
87,83,84,1
87,83,85,1
87,83,86,1
87,83,87,1
87,83,88,1
87,83,89,1
87,84,80,1
87,84,81,1
87,84,82,1
87,84,83,1
87,84,84,1
87,84,85,1
87,84,86,1
87,84,87,1
87,84,88,1
87,84,89,1
87,85,80,1
87,85,81,1
87,85,82,1
87,85,83,1
87,85,84,1
87,85,85,1
87,85,86,1
87,85,87,1
87,85,88,1
87,85,89,1
87,86,80,1
87,86,81,1
87,86,82,1
87,86,83,1
87,86,84,1
87,86,85,1
87,86,86,1
87,86,87,1
87,86,88,1
87,86,89,1
87,87,80,1
87,87,81,1
87,87,82,1
87,87,83,1
87,87,84,1
87,87,85,1
87,87,86,1
87,87,87,1
87,87,88,1
87,87,89,1
87,88,80,1
87,88,81,1
87,88,82,1
87,88,83,1
87,88,84,1
87,88,85,1
87,88,86,1
87,88,87,1
87,88,88,1
87,88,89,1
87,89,80,1
87,89,81,1
87,89,82,1
87,89,83,1
87,89,84,1
87,89,85,1
87,89,86,1
87,89,87,1
87,89,88,1
87,89,89,1
88,80,80,1
88,80,81,1
88,80,82,1
88,80,83,1
88,80,84,1
88,80,85,1
88,80,86,1
88,80,87,1
88,80,88,1
88,80,89,1
88,81,80,1
88,81,81,1
88,81,82,1
88,81,83,1
88,81,84,1
88,81,85,1
88,81,86,1
88,81,87,1
88,81,88,1
88,81,89,1
88,82,80,1
88,82,81,1
88,82,82,1
88,82,83,1
88,82,84,1
88,82,85,1
88,82,86,1
88,82,87,1
88,82,88,1
88,82,89,1
88,83,80,1
88,83,81,1
88,83,82,1
88,83,83,1
88,83,84,1
88,83,85,1
88,83,86,1
88,83,87,1
88,83,88,1
88,83,89,1
88,84,80,1
88,84,81,1
88,84,82,1
88,84,83,1
88,84,84,1
88,84,85,1
88,84,86,1
88,84,87,1
88,84,88,1
88,84,89,1
88,85,80,1
88,85,81,1
88,85,82,1
88,85,83,1
88,85,84,1
88,85,85,1
88,85,86,1
88,85,87,1
88,85,88,1
88,85,89,1
88,86,80,1
88,86,81,1
88,86,82,1
88,86,83,1
88,86,84,1
88,86,85,1
88,86,86,1
88,86,87,1
88,86,88,1
88,86,89,1
88,87,80,1
88,87,81,1
88,87,82,1
88,87,83,1
88,87,84,1
88,87,85,1
88,87,86,1
88,87,87,1
88,87,88,1
88,87,89,1
88,88,80,1
88,88,81,1
88,88,82,1
88,88,83,1
88,88,84,1
88,88,85,1
88,88,86,1
88,88,87,1
88,88,88,1
88,88,89,1
88,89,80,1
88,89,81,1
88,89,82,1
88,89,83,1
88,89,84,1
88,89,85,1
88,89,86,1
88,89,87,1
88,89,88,1
88,89,89,1
89,80,80,1
89,80,81,1
89,80,82,1
89,80,83,1
89,80,84,1
89,80,85,1
89,80,86,1
89,80,87,1
89,80,88,1
89,80,89,1
89,81,80,1
89,81,81,1
89,81,82,1
89,81,83,1
89,81,84,1
89,81,85,1
89,81,86,1
89,81,87,1
89,81,88,1
89,81,89,1
89,82,80,1
89,82,81,1
89,82,82,1
89,82,83,1
89,82,84,1
89,82,85,1
89,82,86,1
89,82,87,1
89,82,88,1
89,82,89,1
89,83,80,1
89,83,81,1
89,83,82,1
89,83,83,1
89,83,84,1
89,83,85,1
89,83,86,1
89,83,87,1
89,83,88,1
89,83,89,1
89,84,80,1
89,84,81,1
89,84,82,1
89,84,83,1
89,84,84,1
89,84,85,1
89,84,86,1
89,84,87,1
89,84,88,1
89,84,89,1
89,85,80,1
89,85,81,1
89,85,82,1
89,85,83,1
89,85,84,1
89,85,85,1
89,85,86,1
89,85,87,1
89,85,88,1
89,85,89,1
89,86,80,1
89,86,81,1
89,86,82,1
89,86,83,1
89,86,84,1
89,86,85,1
89,86,86,1
89,86,87,1
89,86,88,1
89,86,89,1
89,87,80,1
89,87,81,1
89,87,82,1
89,87,83,1
89,87,84,1
89,87,85,1
89,87,86,1
89,87,87,1
89,87,88,1
89,87,89,1
89,88,80,1
89,88,81,1
89,88,82,1
89,88,83,1
89,88,84,1
89,88,85,1
89,88,86,1
89,88,87,1
89,88,88,1
89,88,89,1
89,89,80,1
89,89,81,1
89,89,82,1
89,89,83,1
89,89,84,1
89,89,85,1
89,89,86,1
89,89,87,1
89,89,88,1
89,89,89,1
70,70,70,2
70,70,71,2
70,70,72,2
70,70,73,2
70,70,74,2
70,70,75,2
70,70,76,2
70,70,77,2
70,70,78,2
70,70,79,2
70,71,70,2
70,71,71,2
70,71,72,2
70,71,73,2
70,71,74,2
70,71,75,2
70,71,76,2
70,71,77,2
70,71,78,2
70,71,79,2
70,72,70,2
70,72,71,2
70,72,72,2
70,72,73,2
70,72,74,2
70,72,75,2
70,72,76,2
70,72,77,2
70,72,78,2
70,72,79,2
70,73,70,2
70,73,71,2
70,73,72,2
70,73,73,2
70,73,74,2
70,73,75,2
70,73,76,2
70,73,77,2
70,73,78,2
70,73,79,2
70,74,70,2
70,74,71,2
70,74,72,2
70,74,73,2
70,74,74,2
70,74,75,2
70,74,76,2
70,74,77,2
70,74,78,2
70,74,79,2
70,75,70,2
70,75,71,2
70,75,72,2
70,75,73,2
70,75,74,2
70,75,75,2
70,75,76,2
70,75,77,2
70,75,78,2
70,75,79,2
70,76,70,2
70,76,71,2
70,76,72,2
70,76,73,2
70,76,74,2
70,76,75,2
70,76,76,2
70,76,77,2
70,76,78,2
70,76,79,2
70,77,70,2
70,77,71,2
70,77,72,2
70,77,73,2
70,77,74,2
70,77,75,2
70,77,76,2
70,77,77,2
70,77,78,2
70,77,79,2
70,78,70,2
70,78,71,2
70,78,72,2
70,78,73,2
70,78,74,2
70,78,75,2
70,78,76,2
70,78,77,2
70,78,78,2
70,78,79,2
70,79,70,2
70,79,71,2
70,79,72,2
70,79,73,2
70,79,74,2
70,79,75,2
70,79,76,2
70,79,77,2
70,79,78,2
70,79,79,2
71,70,70,2
71,70,71,2
71,70,72,2
71,70,73,2
71,70,74,2
71,70,75,2
71,70,76,2
71,70,77,2
71,70,78,2
71,70,79,2
71,71,70,2
71,71,71,2
71,71,72,2
71,71,73,2
71,71,74,2
71,71,75,2
71,71,76,2
71,71,77,2
71,71,78,2
71,71,79,2
71,72,70,2
71,72,71,2
71,72,72,2
71,72,73,2
71,72,74,2
71,72,75,2
71,72,76,2
71,72,77,2
71,72,78,2
71,72,79,2
71,73,70,2
71,73,71,2
71,73,72,2
71,73,73,2
71,73,74,2
71,73,75,2
71,73,76,2
71,73,77,2
71,73,78,2
71,73,79,2
71,74,70,2
71,74,71,2
71,74,72,2
71,74,73,2
71,74,74,2
71,74,75,2
71,74,76,2
71,74,77,2
71,74,78,2
71,74,79,2
71,75,70,2
71,75,71,2
71,75,72,2
71,75,73,2
71,75,74,2
71,75,75,2
71,75,76,2
71,75,77,2
71,75,78,2
71,75,79,2
71,76,70,2
71,76,71,2
71,76,72,2
71,76,73,2
71,76,74,2
71,76,75,2
71,76,76,2
71,76,77,2
71,76,78,2
71,76,79,2
71,77,70,2
71,77,71,2
71,77,72,2
71,77,73,2
71,77,74,2
71,77,75,2
71,77,76,2
71,77,77,2
71,77,78,2
71,77,79,2
71,78,70,2
71,78,71,2
71,78,72,2
71,78,73,2
71,78,74,2
71,78,75,2
71,78,76,2
71,78,77,2
71,78,78,2
71,78,79,2
71,79,70,2
71,79,71,2
71,79,72,2
71,79,73,2
71,79,74,2
71,79,75,2
71,79,76,2
71,79,77,2
71,79,78,2
71,79,79,2
72,70,70,2
72,70,71,2
72,70,72,2
72,70,73,2
72,70,74,2
72,70,75,2
72,70,76,2
72,70,77,2
72,70,78,2
72,70,79,2
72,71,70,2
72,71,71,2
72,71,72,2
72,71,73,2
72,71,74,2
72,71,75,2
72,71,76,2
72,71,77,2
72,71,78,2
72,71,79,2
72,72,70,2
72,72,71,2
72,72,72,2
72,72,73,2
72,72,74,2
72,72,75,2
72,72,76,2
72,72,77,2
72,72,78,2
72,72,79,2
72,73,70,2
72,73,71,2
72,73,72,2
72,73,73,2
72,73,74,2
72,73,75,2
72,73,76,2
72,73,77,2
72,73,78,2
72,73,79,2
72,74,70,2
72,74,71,2
72,74,72,2
72,74,73,2
72,74,74,2
72,74,75,2
72,74,76,2
72,74,77,2
72,74,78,2
72,74,79,2
72,75,70,2
72,75,71,2
72,75,72,2
72,75,73,2
72,75,74,2
72,75,75,2
72,75,76,2
72,75,77,2
72,75,78,2
72,75,79,2
72,76,70,2
72,76,71,2
72,76,72,2
72,76,73,2
72,76,74,2
72,76,75,2
72,76,76,2
72,76,77,2
72,76,78,2
72,76,79,2
72,77,70,2
72,77,71,2
72,77,72,2
72,77,73,2
72,77,74,2
72,77,75,2
72,77,76,2
72,77,77,2
72,77,78,2
72,77,79,2
72,78,70,2
72,78,71,2
72,78,72,2
72,78,73,2
72,78,74,2
72,78,75,2
72,78,76,2
72,78,77,2
72,78,78,2
72,78,79,2
72,79,70,2
72,79,71,2
72,79,72,2
72,79,73,2
72,79,74,2
72,79,75,2
72,79,76,2
72,79,77,2
72,79,78,2
72,79,79,2
73,70,70,2
73,70,71,2
73,70,72,2
73,70,73,2
73,70,74,2
73,70,75,2
73,70,76,2
73,70,77,2
73,70,78,2
73,70,79,2
73,71,70,2
73,71,71,2
73,71,72,2
73,71,73,2
73,71,74,2
73,71,75,2
73,71,76,2
73,71,77,2
73,71,78,2
73,71,79,2
73,72,70,2
73,72,71,2
73,72,72,2
73,72,73,2
73,72,74,2
73,72,75,2
73,72,76,2
73,72,77,2
73,72,78,2
73,72,79,2
73,73,70,2
73,73,71,2
73,73,72,2
73,73,73,2
73,73,74,2
73,73,75,2
73,73,76,2
73,73,77,2
73,73,78,2
73,73,79,2
73,74,70,2
73,74,71,2
73,74,72,2
73,74,73,2
73,74,74,2
73,74,75,2
73,74,76,2
73,74,77,2
73,74,78,2
73,74,79,2
73,75,70,2
73,75,71,2
73,75,72,2
73,75,73,2
73,75,74,2
73,75,75,2
73,75,76,2
73,75,77,2
73,75,78,2
73,75,79,2
73,76,70,2
73,76,71,2
73,76,72,2
73,76,73,2
73,76,74,2
73,76,75,2
73,76,76,2
73,76,77,2
73,76,78,2
73,76,79,2
73,77,70,2
73,77,71,2
73,77,72,2
73,77,73,2
73,77,74,2
73,77,75,2
73,77,76,2
73,77,77,2
73,77,78,2
73,77,79,2
73,78,70,2
73,78,71,2
73,78,72,2
73,78,73,2
73,78,74,2
73,78,75,2
73,78,76,2
73,78,77,2
73,78,78,2
73,78,79,2
73,79,70,2
73,79,71,2
73,79,72,2
73,79,73,2
73,79,74,2
73,79,75,2
73,79,76,2
73,79,77,2
73,79,78,2
73,79,79,2
74,70,70,2
74,70,71,2
74,70,72,2
74,70,73,2
74,70,74,2
74,70,75,2
74,70,76,2
74,70,77,2
74,70,78,2
74,70,79,2
74,71,70,2
74,71,71,2
74,71,72,2
74,71,73,2
74,71,74,2
74,71,75,2
74,71,76,2
74,71,77,2
74,71,78,2
74,71,79,2
74,72,70,2
74,72,71,2
74,72,72,2
74,72,73,2
74,72,74,2
74,72,75,2
74,72,76,2
74,72,77,2
74,72,78,2
74,72,79,2
74,73,70,2
74,73,71,2
74,73,72,2
74,73,73,2
74,73,74,2
74,73,75,2
74,73,76,2
74,73,77,2
74,73,78,2
74,73,79,2
74,74,70,2
74,74,71,2
74,74,72,2
74,74,73,2
74,74,74,2
74,74,75,2
74,74,76,2
74,74,77,2
74,74,78,2
74,74,79,2
74,75,70,2
74,75,71,2
74,75,72,2
74,75,73,2
74,75,74,2
74,75,75,2
74,75,76,2
74,75,77,2
74,75,78,2
74,75,79,2
74,76,70,2
74,76,71,2
74,76,72,2
74,76,73,2
74,76,74,2
74,76,75,2
74,76,76,2
74,76,77,2
74,76,78,2
74,76,79,2
74,77,70,2
74,77,71,2
74,77,72,2
74,77,73,2
74,77,74,2
74,77,75,2
74,77,76,2
74,77,77,2
74,77,78,2
74,77,79,2
74,78,70,2
74,78,71,2
74,78,72,2
74,78,73,2
74,78,74,2
74,78,75,2
74,78,76,2
74,78,77,2
74,78,78,2
74,78,79,2
74,79,70,2
74,79,71,2
74,79,72,2
74,79,73,2
74,79,74,2
74,79,75,2
74,79,76,2
74,79,77,2
74,79,78,2
74,79,79,2
75,70,70,2
75,70,71,2
75,70,72,2
75,70,73,2
75,70,74,2
75,70,75,2
75,70,76,2
75,70,77,2
75,70,78,2
75,70,79,2
75,71,70,2
75,71,71,2
75,71,72,2
75,71,73,2
75,71,74,2
75,71,75,2
75,71,76,2
75,71,77,2
75,71,78,2
75,71,79,2
75,72,70,2
75,72,71,2
75,72,72,2
75,72,73,2
75,72,74,2
75,72,75,2
75,72,76,2
75,72,77,2
75,72,78,2
75,72,79,2
75,73,70,2
75,73,71,2
75,73,72,2
75,73,73,2
75,73,74,2
75,73,75,2
75,73,76,2
75,73,77,2
75,73,78,2
75,73,79,2
75,74,70,2
75,74,71,2
75,74,72,2
75,74,73,2
75,74,74,2
75,74,75,2
75,74,76,2
75,74,77,2
75,74,78,2
75,74,79,2
75,75,70,2
75,75,71,2
75,75,72,2
75,75,73,2
75,75,74,2
75,75,75,2
75,75,76,2
75,75,77,2
75,75,78,2
75,75,79,2
75,76,70,2
75,76,71,2
75,76,72,2
75,76,73,2
75,76,74,2
75,76,75,2
75,76,76,2
75,76,77,2
75,76,78,2
75,76,79,2
75,77,70,2
75,77,71,2
75,77,72,2
75,77,73,2
75,77,74,2
75,77,75,2
75,77,76,2
75,77,77,2
75,77,78,2
75,77,79,2
75,78,70,2
75,78,71,2
75,78,72,2
75,78,73,2
75,78,74,2
75,78,75,2
75,78,76,2
75,78,77,2
75,78,78,2
75,78,79,2
75,79,70,2
75,79,71,2
75,79,72,2
75,79,73,2
75,79,74,2
75,79,75,2
75,79,76,2
75,79,77,2
75,79,78,2
75,79,79,2
76,70,70,2
76,70,71,2
76,70,72,2
76,70,73,2
76,70,74,2
76,70,75,2
76,70,76,2
76,70,77,2
76,70,78,2
76,70,79,2
76,71,70,2
76,71,71,2
76,71,72,2
76,71,73,2
76,71,74,2
76,71,75,2
76,71,76,2
76,71,77,2
76,71,78,2
76,71,79,2
76,72,70,2
76,72,71,2
76,72,72,2
76,72,73,2
76,72,74,2
76,72,75,2
76,72,76,2
76,72,77,2
76,72,78,2
76,72,79,2
76,73,70,2
76,73,71,2
76,73,72,2
76,73,73,2
76,73,74,2
76,73,75,2
76,73,76,2
76,73,77,2
76,73,78,2
76,73,79,2
76,74,70,2
76,74,71,2
76,74,72,2
76,74,73,2
76,74,74,2
76,74,75,2
76,74,76,2
76,74,77,2
76,74,78,2
76,74,79,2
76,75,70,2
76,75,71,2
76,75,72,2
76,75,73,2
76,75,74,2
76,75,75,2
76,75,76,2
76,75,77,2
76,75,78,2
76,75,79,2
76,76,70,2
76,76,71,2
76,76,72,2
76,76,73,2
76,76,74,2
76,76,75,2
76,76,76,2
76,76,77,2
76,76,78,2
76,76,79,2
76,77,70,2
76,77,71,2
76,77,72,2
76,77,73,2
76,77,74,2
76,77,75,2
76,77,76,2
76,77,77,2
76,77,78,2
76,77,79,2
76,78,70,2
76,78,71,2
76,78,72,2
76,78,73,2
76,78,74,2
76,78,75,2
76,78,76,2
76,78,77,2
76,78,78,2
76,78,79,2
76,79,70,2
76,79,71,2
76,79,72,2
76,79,73,2
76,79,74,2
76,79,75,2
76,79,76,2
76,79,77,2
76,79,78,2
76,79,79,2
77,70,70,2
77,70,71,2
77,70,72,2
77,70,73,2
77,70,74,2
77,70,75,2
77,70,76,2
77,70,77,2
77,70,78,2
77,70,79,2
77,71,70,2
77,71,71,2
77,71,72,2
77,71,73,2
77,71,74,2
77,71,75,2
77,71,76,2
77,71,77,2
77,71,78,2
77,71,79,2
77,72,70,2
77,72,71,2
77,72,72,2
77,72,73,2
77,72,74,2
77,72,75,2
77,72,76,2
77,72,77,2
77,72,78,2
77,72,79,2
77,73,70,2
77,73,71,2
77,73,72,2
77,73,73,2
77,73,74,2
77,73,75,2
77,73,76,2
77,73,77,2
77,73,78,2
77,73,79,2
77,74,70,2
77,74,71,2
77,74,72,2
77,74,73,2
77,74,74,2
77,74,75,2
77,74,76,2
77,74,77,2
77,74,78,2
77,74,79,2
77,75,70,2
77,75,71,2
77,75,72,2
77,75,73,2
77,75,74,2
77,75,75,2
77,75,76,2
77,75,77,2
77,75,78,2
77,75,79,2
77,76,70,2
77,76,71,2
77,76,72,2
77,76,73,2
77,76,74,2
77,76,75,2
77,76,76,2
77,76,77,2
77,76,78,2
77,76,79,2
77,77,70,2
77,77,71,2
77,77,72,2
77,77,73,2
77,77,74,2
77,77,75,2
77,77,76,2
77,77,77,2
77,77,78,2
77,77,79,2
77,78,70,2
77,78,71,2
77,78,72,2
77,78,73,2
77,78,74,2
77,78,75,2
77,78,76,2
77,78,77,2
77,78,78,2
77,78,79,2
77,79,70,2
77,79,71,2
77,79,72,2
77,79,73,2
77,79,74,2
77,79,75,2
77,79,76,2
77,79,77,2
77,79,78,2
77,79,79,2
78,70,70,2
78,70,71,2
78,70,72,2
78,70,73,2
78,70,74,2
78,70,75,2
78,70,76,2
78,70,77,2
78,70,78,2
78,70,79,2
78,71,70,2
78,71,71,2
78,71,72,2
78,71,73,2
78,71,74,2
78,71,75,2
78,71,76,2
78,71,77,2
78,71,78,2
78,71,79,2
78,72,70,2
78,72,71,2
78,72,72,2
78,72,73,2
78,72,74,2
78,72,75,2
78,72,76,2
78,72,77,2
78,72,78,2
78,72,79,2
78,73,70,2
78,73,71,2
78,73,72,2
78,73,73,2
78,73,74,2
78,73,75,2
78,73,76,2
78,73,77,2
78,73,78,2
78,73,79,2
78,74,70,2
78,74,71,2
78,74,72,2
78,74,73,2
78,74,74,2
78,74,75,2
78,74,76,2
78,74,77,2
78,74,78,2
78,74,79,2
78,75,70,2
78,75,71,2
78,75,72,2
78,75,73,2
78,75,74,2
78,75,75,2
78,75,76,2
78,75,77,2
78,75,78,2
78,75,79,2
78,76,70,2
78,76,71,2
78,76,72,2
78,76,73,2
78,76,74,2
78,76,75,2
78,76,76,2
78,76,77,2
78,76,78,2
78,76,79,2
78,77,70,2
78,77,71,2
78,77,72,2
78,77,73,2
78,77,74,2
78,77,75,2
78,77,76,2
78,77,77,2
78,77,78,2
78,77,79,2
78,78,70,2
78,78,71,2
78,78,72,2
78,78,73,2
78,78,74,2
78,78,75,2
78,78,76,2
78,78,77,2
78,78,78,2
78,78,79,2
78,79,70,2
78,79,71,2
78,79,72,2
78,79,73,2
78,79,74,2
78,79,75,2
78,79,76,2
78,79,77,2
78,79,78,2
78,79,79,2
79,70,70,2
79,70,71,2
79,70,72,2
79,70,73,2
79,70,74,2
79,70,75,2
79,70,76,2
79,70,77,2
79,70,78,2
79,70,79,2
79,71,70,2
79,71,71,2
79,71,72,2
79,71,73,2
79,71,74,2
79,71,75,2
79,71,76,2
79,71,77,2
79,71,78,2
79,71,79,2
79,72,70,2
79,72,71,2
79,72,72,2
79,72,73,2
79,72,74,2
79,72,75,2
79,72,76,2
79,72,77,2
79,72,78,2
79,72,79,2
79,73,70,2
79,73,71,2
79,73,72,2
79,73,73,2
79,73,74,2
79,73,75,2
79,73,76,2
79,73,77,2
79,73,78,2
79,73,79,2
79,74,70,2
79,74,71,2
79,74,72,2
79,74,73,2
79,74,74,2
79,74,75,2
79,74,76,2
79,74,77,2
79,74,78,2
79,74,79,2
79,75,70,2
79,75,71,2
79,75,72,2
79,75,73,2
79,75,74,2
79,75,75,2
79,75,76,2
79,75,77,2
79,75,78,2
79,75,79,2
79,76,70,2
79,76,71,2
79,76,72,2
79,76,73,2
79,76,74,2
79,76,75,2
79,76,76,2
79,76,77,2
79,76,78,2
79,76,79,2
79,77,70,2
79,77,71,2
79,77,72,2
79,77,73,2
79,77,74,2
79,77,75,2
79,77,76,2
79,77,77,2
79,77,78,2
79,77,79,2
79,78,70,2
79,78,71,2
79,78,72,2
79,78,73,2
79,78,74,2
79,78,75,2
79,78,76,2
79,78,77,2
79,78,78,2
79,78,79,2
79,79,70,2
79,79,71,2
79,79,72,2
79,79,73,2
79,79,74,2
79,79,75,2
79,79,76,2
79,79,77,2
79,79,78,2
79,79,79,2
